fon,borsa_kodu,isin_kod
ACTUS PORTFÖY 2020 YATIRIM DÖNEMLİ DEĞİŞKEN FON,ACY,TRYACTU00035
ACTUS PORTFÖY BORÇLANMA ARAÇLARI FONU,ACO,TRYACTU00019
ACTUS PORTFÖY HİSSE SENEDİ FONU (HİSSE SENEDİ YOĞUN FON),ACC,TRYACTU00027
ACTUS PORTFÖY HİTİT SERBEST FON,ACZ,TRYACTU00043
ACTUS PORTFÖY LİDYA SERBEST (DÖVİZ) FON,ACN,TRYACTU00076
ACTUS PORTFÖY URARTU SERBEST (DÖVİZ) FON,ACU,TRYACTU00084
AK PORT.ÖZEL SEK.BORÇ.ARÇ.YAT.YAPAN%114 ANAPARA KOR.AMÇ.YİRMİDOKUZUNCU FON,PUO,TRYAKPO00526
AK PORTFÖY  %100 ANAPARA KORUMA AMAÇLI YİRMİİKİNCİ FON,ADJ,TRYAKPO00369
AK PORTFÖY  AMERİKA YABANCI HİSSE SENEDİ FONU,AFA,TRYAKBK00458
AK PORTFÖY  AVRUPA YABANCI HİSSE SENEDİ FONU,AFV,TRYAKBK00466
AK PORTFÖY %100 ANAPARA KORUMA AMAÇLI 18. FON,AJS,TRYAKPO00336
AK PORTFÖY %100 ANAPARA KORUMA AMAÇLI 19. FON,AJD,TRYAKPO00328
AK PORTFÖY %100 ANAPARA KORUMA AMAÇLI ONALTINCI FON,AJO,TRYAKPO00278
AK PORTFÖY %100 ANAPARA KORUMA AMAÇLI ONBEŞİNCİ FON,AUI,TRYAKPO00252
AK PORTFÖY %100 ANAPARA KORUMA AMAÇLI ONYEDİNCİ FON,AIL,TRYAKPO00294
AK PORTFÖY %100 ANAPARA KORUMA AMAÇLI YİRMİBİRİNCİ FON,ACJ,TRYAKPO00377
AK PORTFÖY %100 ANAPARA KORUMA AMAÇLI YİRMİNCİ FON,AKJ,TRYAKPO00344
AK PORTFÖY %100 ANAPARA KORUMA AMAÇLI YİRMİÜÇÜNCÜ FON,ARJ,TRYAKPO00401
AK PORTFÖY %110 ANAPARA KORUMA AMAÇLI YİRMİDÖRDÜNCÜ FON,AUU,TRYAKPO00419
AK PORTFÖY %115 ANAPARA KORUMA AMAÇLI OTUZBİRİNCİ FON,PZR,TRYAKPO00559
AK PORTFÖY AGI DEĞİŞKEN FON,AGC,TRYAKPO00468
AK PORTFÖY AK SANDIK SERBEST ÖZEL FON,SSO,TRYAKPO00286
AK PORTFÖY AKY SERBEST (DÖVİZ) ÖZEL FON,PUD,TRYAKPO00518
AK PORTFÖY ALTERNATİF BANK PARA PİYASASI FONU,ANL,TRMAN2WWWWW2
AK PORTFÖY ALTIN FONU,AFO,TRYAKBK00052
AK PORTFÖY ALTINCI SERBEST(DÖVİZ) FON,PAL,TRYAKPO00708
AK PORTFÖY BEŞİNCİ SERBEST (DÖVIZ) FON,AJL,TRYAKPO00583
AK PORTFÖY BİREBİR BANKACILIK DEĞİŞKEN ÖZEL FON,ABU,TRYAKBK00813
AK PORTFÖY BİRİNCİ FON SEPETİ FONU,ARL,TRYAKPO00062
AK PORTFÖY BİST 30 ENDEKSİ HİSSE SENEDİ FONU (HİSSE SENEDİ YOĞUN FON),AKU,TRMAKUWWWWW5
AK PORTFÖY BİST BANKA ENDEKSİ HİSSE SENEDİ FONU (HİSSE SENEDİ YOĞUN FON),ADP,TRMADFWWWWW1
AK PORTFÖY BİST TEMETTÜ 25 ENDEKSİ HİSSE SENEDİ FONU (HİSSE SENEDİ YOĞUN FON),ALC,TRYAKBK00946
AK PORTFÖY DEĞİŞKEN FON,ADE,TRMADEWWWWW4
AK PORTFÖY DÖRDÜNCÜ FON SEPETİ FONU,APJ,TRYAKPO00351
AK PORTFÖY DÖRDÜNCÜ SERBEST (DÖVIZ) FON,AJN,TRYAKPO00591
AK PORTFÖY EUROBOND (AMERİKAN DOLARI) BORÇLANMA ARAÇLARI FONU,AKE,TRYAKBK00318
AK PORTFÖY GELİŞEN ÜLKELER YABANCI  HİSSE SENEDİ FONU,AFS,TRYAKBK00482
AK PORTFÖY HERAKLES SERBEST (DÖVİZ) ÖZEL FON,HVV,TRYAKPO00740
AK PORTFÖY HERAKLES SERBEST ÖZEL FON,HYY,TRYAKPO00757
AK PORTFÖY HİSSE SENEDİ FONU (HİSSE SENEDİ YOĞUN FON),AK3,TRMAK3WWWWW3
AK PORTFÖY ING BANK ÖZEL BANKACILIK VE PLATINUM DEĞİŞKEN ÖZEL FON,PAI,TRYAKPO00716
AK PORTFÖY KISA VADELİ BORÇLANMA ARAÇLARI FONU,AVT,TRMAK1WWWWW7
AK PORTFÖY KIYI SERBEST ÖZEL FON,GGC,TRYAKPO00831
AK PORTFÖY KİRA SERTİFİKALARI KATILIM FONU,AIS,TRYAKBK00847
AK PORTFÖY MİMKA SERBEST ÖZEL FON,AIM,TRYAKPO00302
AK PORTFÖY MİSTRAL SERBEST(DÖVİZ) ÖZEL FON,PAP,TRYAKPO00690
AK PORTFÖY ORTA VADELI BORÇLANMA ARAÇLARI FONU,APT,TRYAKBK00060
AK PORTFÖY P1 SERBEST ÖZEL FON,APP,TRYAKPO00138
AK PORTFÖY PARA PIYASASI FONU,ALE,TRYAKBK00870
AK PORTFÖY PETROL YABANCI BYF FON SEPETİ FONU,AES,TRYAKBK00441
AK PORTFÖY PRUVA SERBEST (DÖVİZ) ÖZEL FON,PUV,TRYAKPO00542
AK PORTFÖY PY ÖZEL SEKTÖR BORÇLANMA ARAÇLARI ÖZEL FONU,AZF,TRYAKBK01050
AK PORTFÖY RTH SERBEST ÖZEL FON,AIH,TRYAKPO00310
AK PORTFÖY SERBEST ( DÖVİZ ) FONU,AVZ,TRYAKPO00260
AK PORTFÖY UZUN VADELİ BORÇLANMA ARAÇLARI FONU,AK2,TRMAK2WWWWW5
AK PORTFÖY YABANCI HİSSE SENEDİ FONU,AOY,TRYAKBK00029
AK PORTFÖY YENİ TEKNOLOJİLER YABANCI HİSSE SENEDİ FONU,AFT,TRYAKBK00144
AK PORTFÖY ÖPY ALTINCI SERBEST ÖZEL FON,OPZ,TRYAKPO00823
AK PORTFÖY ÖPY BEŞİNCİ SERBEST ÖZEL FON,PUT,TRYAKPO00575
AK PORTFÖY ÖPY BİRİNCİ SERBEST ÖZEL FON,ARP,TRYAKPO00104
AK PORTFÖY ÖPY DÖRDÜNCÜ SERBEST ÖZEL FON,PUR,TRYAKPO00534
AK PORTFÖY ÖPY MUTLAK GETİRİ HEDEFLİ SERBEST (DÖVİZ) ÖZEL FON,AZZ,TRYAKPO00203
AK PORTFÖY ÖPY MUTLAK GETİRİ HEDEFLİ SERBEST ÖZEL FON,ABS,TRYAKBK00268
AK PORTFÖY ÖPY ÜÇÜNCÜ SERBEST ÖZEL FON,PUC,TRYAKPO00476
AK PORTFÖY ÖPY İKİNCİ SERBEST ÖZEL FON,ARF,TRYAKPO00039
AK PORTFÖY ÖZEL SEKTÖR BORÇLANMA ARAÇLARI FONU,AYR,TRYAKBK00722
AK PORTFÖY ÖZEL SEKTÖR BORÇLANMA ARAÇLARINA YATIRIM YAPAN % 105 ANAPARA KORUMA AMAÇLI OTUZDOKUZUNCU FON,BFF,TRYAKPO00773
AK PORTFÖY ÖZEL SEKTÖR BORÇLANMA ARAÇLARINA YATIRIM YAPAN % 105 ANAPARA KORUMA AMAÇLI OTUZSEKİZİNCİ FON,BOA,TRYAKPO00765
AK PORTFÖY ÖZEL SEKTÖR BORÇLANMA ARAÇLARINA YATIRIM YAPAN %100 ANAPARA KORUMA AMAÇLI KIRKBİRİNCİ FON,OGZ,TRYAKPO00815
AK PORTFÖY ÖZEL SEKTÖR BORÇLANMA ARAÇLARINA YATIRIM YAPAN %100 ANAPARA KORUMA AMAÇLI KIRKINCI FON,OYG,TRYAKPO00807
AK PORTFÖY ÖZEL SEKTÖR BORÇLANMA ARAÇLARINA YATIRIM YAPAN %100 ANAPARA KORUMA AMAÇLI KIRKÜÇÜNCÜ FON,ZVK,TRYAKPO00849
AK PORTFÖY ÖZEL SEKTÖR BORÇLANMA ARAÇLARINA YATIRIM YAPAN %100 ANAPARA KORUMA AMAÇLI KIRKİKİNCİ FON,ZKF,TRYAKPO00856
AK PORTFÖY ÖZEL SEKTÖR BORÇLANMA ARAÇLARINA YATIRIM YAPAN %105 ANAPARA KORUMA AMAÇLI OTUZALTINCI FON,AOO,TRYAKPO00732
AK PORTFÖY ÖZEL SEKTÖR BORÇLANMA ARAÇLARINA YATIRIM YAPAN %105 ANAPARA KORUMA AMAÇLI OTUZYEDİNCİ FON,OAA,TRYAKPO00724
AK PORTFÖY ÖZEL SEKTÖR BORÇLANMA ARAÇLARINA YATIRIM YAPAN %110 ANAPARA KORUMA AMAÇLI OTUZBEŞİNCİ FON,OYY,TRYAKPO00674
AK PORTFÖY ÖZEL SEKTÖR BORÇLANMA ARAÇLARINA YATIRIM YAPAN %110 ANAPARA KORUMA AMAÇLI OTUZDÖRDÜNCÜ FON,OKA,TRYAKPO00682
AK PORTFÖY ÖZEL SEKTÖR BORÇLANMA ARAÇLARINA YATIRIM YAPAN %110 ANAPARA KORUMA AMAÇLI OTUZÜÇÜNCÜ FON,KOF,TRYAKPO00609
AK PORTFÖY ÖZEL SEKTÖR BORÇLANMA ARAÇLARINA YATIRIM YAPAN %110 ANAPARA KORUMA AMAÇLI OTUZİKİNCİ FON,KAO,TRYAKPO00617
AK PORTFÖY ÖZEL SEKTÖR BORÇLANMA ARAÇLARINA YATIRIM YAPAN %115 ANAPARA KORUMA AMAÇLI YİRMİSEKİZİNCİ FON,PUS,TRYAKPO00500
AK PORTFÖY ÖZEL SEKTÖR BORÇLANMA ARAÇLARINA YATIRIM YAPAN %115 ANAPARA KORUMA AMAÇLI YİRMİYEDİNCİ FON,PUY,TRYAKPO00492
AK PORTFÖY ÖZEL SEKTÖR BORÇLANMA ARAÇLARINA YATIRIM YAPAN %120 ANA PARA KORUMA AMAÇLI YİRMİALTINCI FON,AMJ,TRYAKPO00427
AK PORTFÖY ÖZEL SEKTÖR BORÇLANMA ARAÇLARINA YATIRIM YAPAN %120 ANA PARA KORUMA AMAÇLI YİRMİBEŞİNCİ FON,AMV,TRYAKPO00435
AK PORTFÖY ÜÇÜNCÜ FON SEPETİ FONU,ODV,TRYAKPO00237
AK PORTFÖY ÜÇÜNCÜ PARA PİYASASI FONU,BGP,TRYAKPO00625
AK PORTFÖY ÜÇÜNCÜ SERBEST ( DÖVİZ ) FON,AJE,TRYAKPO00393
AK PORTFÖY İKINCI SERBEST (DÖVIZ) FON,AJK,TRYAKPO00385
AK PORTFÖY İKİNCİ DEĞİŞKEN FON,ALD,TRYAKBK00953
AK PORTFÖY İKİNCİ FON SEPETİ FONU,ARM,TRYAKPO00054
AKPORTFÖY %115 ANAPARA KORUMA AMAÇLI OTUZUNCU FON,PZO,TRYAKPO00567
AKTİF YATIRIM BANKASI A.Ş. 2 NOLU EMEK VARLIK FİNANSMAN FONU,AVI,TRYAKYB00038
AKTİF YATIRIM BANKASI A.Ş. 3 NO'LU TURKCELL VARLIK FİNANSMAN FONU,AJJ,TRYAKYB00129
AKTİF YATIRIM BANKASI A.Ş. 4 NOLU EMEK VARLIK FİNANSMAN FONU,AFR,TRYAKYB00061
AKTİF YATIRIM BANKASI A.Ş. 7NO'LU EMEK VARLIK FİNANSMAN FONU,AVV,TRYAKYB00103
AKTİF YATIRIM BANKASI A.Ş. 8 NO'LU EMEK VARLIK FİNANSMANI FONU,AGZ,TRYAKYB00111
AKTİF YATIRIM BANKASI A.Ş.(6) NOLU EMEK VARLIK FİNANSMAN FONU,AFG,TRYAKYB00095
AKTİF YATIRIM BANKASI A.Ş.5 NOLU EMEK VARLIK FİNANSMAN FONU,AFM,TRYAKYB00079
ALBARAKA PORTFÖY ALTIN KATILIM FONU,RBA,TRYAPYS00049
ALBARAKA PORTFÖY KATILIM FONU,RBK,TRYAPYS00031
ALBARAKA PORTFÖY KATILIM HİSSE SENEDİ FONU (HİSSE SENEDİ YOĞUN FON),RBH,TRYAPYS00023
ALBARAKA PORTFÖY KISA VADELİ KATILIM SERBEST FON,PVK,TRYAPYS00098
ALBARAKA PORTFÖY KISA VADELİ KİRA SERTİFİKALARI KATILIM FONU,RBV,TRYAPYS00064
ALBARAKA PORTFÖY KİRA SERTİFİKALARI  KATILIM FONU,RBT,TRYAPYS00056
ATA PORTFÖY ANALİZ HİSSE SENEDİ FONU (HİSSE SENEDİ YOĞUN FON),TLZ,TRYATAP00054
ATA PORTFÖY BİRİNCİ DEĞİŞKEN FON,AED,TRYATAM00010
ATA PORTFÖY BİRİNCİ HİSSE SENEDİ FONU (HİSSE SENEDİ YOĞUN FON),AYA,TRMAATWWWWW8
ATA PORTFÖY DÖRDÜNCÜ SERBEST (DÖVİZ) FON,ANZ,TRYATAP00039
ATA PORTFÖY FON SEPETİ SERBEST FONU,AAS,TRYATAM00028
ATA PORTFÖY KISA VADELİ BORÇLANMA ARAÇLARI FONU,AUT,TRYATAM00044
ATA PORTFÖY PARA PİYASASI FONU,AAL,TRMAALWWWWW5
ATA PORTFÖY ÇOKLU VARLIK DEĞİŞKEN FON,AAK,TRMAF1WWWWW4
ATA PORTFÖY ÜÇÜNCÜ SERBEST FONU,DGH,TRYDSTK00010
ATA PORTFÖY İKİNCİ HİSSE SENEDİ FONU (HİSSE SENEDİ YOĞUN FON),AAV,TRYATAM00069
ATA PORTFÖY İKİNCİ SERBEST FONU,AVC,TRYATAP00013
ATLAS PORTFÖY BİRİNCİ HİSSE SENEDİ FONU(HİSSE SENEDİ YOĞUN),AHI,TRYATLP00028
ATLAS PORTFÖY BİRİNCİ ÖZEL SEKTÖR BORÇLANMA ARAÇLARI FONU,AHU,TRYATLP00051
ATLAS PORTFÖY SERBEST(DÖVİZ)FON,AHN,TRYATLP00044
ATLAS PORTFÖY İKİNCİ SERBEST FON,ZVB,TRYATLP00077
AURA PORTFÖY DEĞİŞKEN FONU,IYB,TRMIYBWWWWW9
AURA PORTFÖY HİSSE SENEDİ FONU (HİSSE SENEDİ YOĞUN FON),TLH,TRYTALP00010
AURA PORTFÖY YABANCI BORÇLANMA ARAÇLARI FONU,TLE,TRYTALP00028
AURA PORTFÖY İKİNCİ DEĞİŞKEN FON,TPV,TRYTROY00028
AZIMUT PORTFÖY 5.0 SERBEST (DÖVIZ) FON,SPE,TRYAZIM00184
AZIMUT PORTFÖY 6.0 SERBEST (DÖVIZ) FON,SPA,TRYAZIM00192
AZIMUT PORTFÖY BEG SERBEST (DÖVIZ) ÖZEL FON,SPD,TRYAZIM00218
AZIMUT PORTFÖY MAB SERBEST ÖZEL FON,FRA,TRYAZIM00226
AZIMUT PORTFÖY PİYASA NÖTR SERBEST FON,SPN,TRYAZIM00176
AZİMUT PORTFÖY 4.0 SERBEST FON,FYI,TRYAZIM00093
AZİMUT PORTFÖY 7.0 SERBEST (DÖVİZ) FON,GSE,TRYAZIM00267
AZİMUT PORTFÖY 8.0 SERBEST FON,PSL,TRYAZIM00374
AZİMUT PORTFÖY 9.0 SERBEST FON,PSG,TRYAZIM00366
AZİMUT PORTFÖY AKÇE SERBEST FON,PPF,TRYAZIM00309
AZİMUT PORTFÖY BB SERBEST (DÖVİZ) ÖZEL FON,PBB,TRYAZIM00283
AZİMUT PORTFÖY BEG SERBEST ÖZEL FON,SPG,TRYAZIM00200
AZİMUT PORTFÖY BOĞAZİÇİ SERBEST (DÖVİZ) FON,PBS,TRYAZIM00333
AZİMUT PORTFÖY ESİN SERBEST (DÖVİZ) ÖZEL FON,AIR,TRYAZIM00036
AZİMUT PORTFÖY FRZ SERBEST ÖZEL FON,FRZ,TRYAZIM00234
AZİMUT PORTFÖY GÜREL SERBEST (DÖVİZ) ÖZEL FON,GSG,TRYAZIM00275
AZİMUT PORTFÖY IRF SERBEST (DÖVİZ) ÖZEL FON,PRF,TRYAZIM00317
AZİMUT PORTFÖY KAAN SERBEST ÖZEL FON,KFK,TRYAZIM00358
AZİMUT PORTFÖY PARA PİYASASI FONU,PPZ,TRYAZIM00341
AZİMUT PORTFÖY SARAY SERBEST FON,PSS,TRYAZIM00325
AZİMUT PORTFÖY SKY SERBEST (DÖVİZ) ÖZEL FON,SRY,TRYAZIM00259
AZİMUT PORTFÖY SKY SERBEST ÖZEL FON,SRO,TRYAZIM00242
AZİMUT PORTFÖY TESA SERBEST (DÖVİZ) ÖZEL FON,TSP,TRYAZIM00291
AZİMUT PORTFÖY ÇINAR SERBEST (DÖVİZ) ÖZEL FON,AII,TRYAZIM00168
AZİMUT PORTFÖY ÇINAR SERBEST ÖZEL FON,ATJ,TRYAZIM00150
AZİMUT PORTFÖY ÖPY SERBEST ( DÖVİZ ) ÖZEL FON,FYG,TRYAZIM00077
AZİMUT PORTFÖY ÜÇÜNCÜ SERBEST (DÖVİZ) FON,FYM,TRYFNYM00053
AZİMUT PORTFÖY İA SERBEST ÖZEL FON,AIG,TRYAZIM00028
AZİMUT PORTFÖY İVME SERBEST FON,HYP,TRYAZIM00382
AZİMUT PYŞ ATAK SERBEST FON,AHZ,TRYAZIM00101
AZİMUT PYŞ BKS SERBEST ( DÖVİZ ) ÖZEL FON,FYE,TRYAZIM00051
AZİMUT PYŞ BKS SERBEST ÖZEL FON,AZV,TRYAZIM00044
AZİMUT PYŞ BİRİNCİ BORÇLANMA ARAÇLARI FONU,GTF,TRMBD1WWWWW5
AZİMUT PYŞ BİRİNCİ HİSSE SENEDİ FONU (HİSSE SENEDİ YOĞUN FON),GL1,TRMGL1WWWWW0
AZİMUT PYŞ BİRİNCİ SERBEST FON,IBG,TRYISMD00266
AZİMUT PYŞ DENGELİ SERBEST FON,AHV,TRYAZIM00135
AZİMUT PYŞ DİNAMİK DAĞILIMLI SERBEST FON,AHH,TRYAZIM00119
AZİMUT PYŞ EB SERBEST ( DÖVİZ ) ÖZEL FON,FYB,TRYAZIM00069
AZİMUT PYŞ KAR PAYI ÖDEYEN HİSSE SENEDİ FONU (HİSSE SENEDİ YOĞUN FON),GSP,TRMGLAWWWWW2
AZİMUT PYŞ KISA VADELİ BORÇLANMA ARAÇLARI FONU,GBL,TRMGBLWWWWW0
AZİMUT PYŞ KİRA SERTİFİKALARI (SUKUK) KATILIM FONU,GLS,TRYGLMK00047
AZİMUT PYŞ MUTLAK GETİRİ HEDEFLİ SERBEST FON,IBR,TRYISMD00274
AZİMUT PYŞ SERBEST ( DÖVİZ ) FON,FYH,TRYAZIM00085
AZİMUT PYŞ STRATEJİ-1 SERBEST FON,AZJ,TRYAZIM00127
AZİMUT PYŞ YABANCI BYF FON SEPETİ FONU,GBC,TRYGLMK00013
AZİMUT PYŞ ÇOKLU VARLIK DEĞİŞKEN FON,GMA,TRMBYKWWWWW5
DENİZ PORFÖY TUAL SERBEST (DÖVİZ) ÖZEL FON,DPU,TRYDNZP00140
DENİZ PORTFÖY ALTIN FONU,DBA,TRYDZBK00070
DENİZ PORTFÖY ALTINCI SERBEST FON,DDA,TRYDNZP00397
DENİZ PORTFÖY ARMUT SERBEST (DÖVİZ) ÖZEL FON,DAT,TRYDNZP00256
DENİZ PORTFÖY ARSLAN SERBEST (DÖVİZ) ÖZEL FON,DPA,TRYDNZP00207
DENİZ PORTFÖY ARTI SERBEST (DÖVİZ) ÖZEL FON,DAI,TRYDNZP00249
DENİZ PORTFÖY BADE SERBEST (DÖVİZ) ÖZEL FON,DDE,TRYDNZP00264
DENİZ PORTFÖY BEYAZ SERBEST ÖZEL FONU,DBG,TRYDZBK00252
DENİZ PORTFÖY BEŞİNCİ SERBEST (DÖVİZ) FON,DZM,TRYDNZP00371
DENİZ PORTFÖY BIST 100 ENDEKSİ HİSSE SENEDİ FONU(HİSSE SENEDİ YOĞUN FON),DZE,TRMDZEWWWWW1
DENİZ PORTFÖY BİRİNCİ DEĞİŞKEN FON,DBP,TRYDZBK00021
DENİZ PORTFÖY BİRİNCİ FON SEPETİ FONU,DSP,TRYDNZP00066
DENİZ PORTFÖY BİST TEMETTÜ 25 ENDEKSİ HİSSE SENEDİ FONU ( HİSSE SENEDİ YOĞUN FON ),DPT,TRYDNZP00074
DENİZ PORTFÖY CÖMERT SERBEST (DÖVİZ) ÖZEL FON,DCP,TRYDNZP00314
DENİZ PORTFÖY DAMLA SERBEST ÖZEL FON,DDS,TRYDNZP00017
DENİZ PORTFÖY DÖRDÜNCÜ SERBEST FON,DDC,TRYDNZP00272
DENİZ PORTFÖY DİNAMO SERBEST FON,DDF,TRYDNZP00199
DENİZ PORTFÖY ECEM SERBEST (DÖVİZ) ÖZEL FON,DZZ,TRYDNZP00116
DENİZ PORTFÖY EGE SERBEST (DÖVİZ) ÖZEL FON,DPE,TRYDNZP00108
DENİZ PORTFÖY ENDA SERBEST ÖZEL FON,DPV,TRYDNZP00181
DENİZ PORTFÖY ESMER SERBEST (DÖVİZ) ÖZEL FON,DPG,TRYDNZP00132
DENİZ PORTFÖY EUROBOND (DÖVİZ) BORÇLANMA ARAÇLARI FONU,DBH,TRYDZBK00260
DENİZ PORTFÖY FRS SERBEST (DÖVİZ) ÖZEL FON,DPC,TRYDNZP00124
DENİZ PORTFÖY HLC SERBEST (DÖVİZ) ÖZEL FON,DPP,TRYDNZP00165
DENİZ PORTFÖY HİSSE SENEDİ FONU (HİSSE SENEDİ YOĞUN FON),DAH,TRMDAHWWWWW7
DENİZ PORTFÖY INND SERBEST (DÖVİZ) ÖZEL FON,DKF,TRYDNZP00363
DENİZ PORTFÖY KISA VADELİ BORÇLANMA ARAÇLARI FONU,DBK,TRYDZBK00187
DENİZ PORTFÖY KİRA SERTİFİKALARI KATILIM FONU,DPK,TRYDNZP00058
DENİZ PORTFÖY LARA SERBEST (DÖVİZ) ÖZEL FON,PLS,TRYDNZP00298
DENİZ PORTFÖY MERT SERBEST (DÖVİZ) ÖZEL FON,DSM,TRYDNZP00223
DENİZ PORTFÖY NECLA SERBEST (DÖVİZ) ÖZEL FON,DNO,TRYDNZP00322
DENİZ PORTFÖY NEVA SERBEST (DÖVİZ) ÖZEL FON,DPN,TRYDNZP00157
DENİZ PORTFÖY NİL SERBEST (DÖVİZ) ÖZEL FON,DPL,TRYDNZP00173
DENİZ PORTFÖY OLMİ SERBEST (DÖVİZ) ÖZEL FON,DOS,TRYDNZP00348
DENİZ PORTFÖY ORTA VADELİ BORÇLANMA ARAÇLARI FONU,DBB,TRYDZBK00013
DENİZ PORTFÖY PARA PİYASASI FONU,DLY,TRMDLYWWWWW9
DENİZ PORTFÖY RÜ SERBEST (DÖVİZ) ÖZEL FON,DSC,TRYDNZP00330
DENİZ PORTFÖY SERBEST (DÖVİZ) FON,DPB,TRYDNZP00025
DENİZ PORTFÖY SK SERBEST (DÖVİZ) ÖZEL FON,DDP,TRYDNZP00355
DENİZ PORTFÖY SSM SERBEST (DÖVİZ) ÖZEL FON,DTT,TRYDNZP00389
DENİZ PORTFÖY TÜRKIZ SERBEST(DÖVİZ) ÖZEL FON,DAZ,TRYDNZP00280
DENİZ PORTFÖY UZUN VADELİ BORÇLANMA ARAÇLARI FONU,DZT,TRMDZTWWWWW9
DENİZ PORTFÖY YAZ SERBEST (DÖVİZ) ÖZEL FON,DPZ,TRYDNZP00215
DENİZ PORTFÖY ÖZEL SEKTÖR BORÇLANMA ARAÇLARI FONU,DBZ,TRYDZBK00195
DENİZ PORTFÖY İKİNCİ SERBEST (DÖVİZ) FON,DSD,TRYDNZP00231
DENİZ PORTFÖY İSTATİSTİKSEL ARBİTRAJ SERBEST FON,DPI,TRYDNZP00306
FİBA PORTFÖY ALTIN FONU,FIB,TRYFIBA00015
FİBA PORTFÖY BORÇLANMA ARAÇLARI FONU,FIT,TRYBEUR00033
FİBA PORTFÖY EUROBOND BORÇLANMA ARAÇLARI (DÖVİZ)FONU,FPE,TRYFIBP00039
FİBA PORTFÖY HİSSE SENEDİ FONU(HİSSE SENEDİ YOĞUN FON),FPH,TRYFIBP00021
FİBA PORTFÖY KISA VADELİ BORÇLANMA ARAÇLARI FONU,FPK,TRYFIBP00013
FİBA PORTFÖY KISA VADELİ SERBEST FON,FSF,TRYFIBP00070
FİBA PORTFÖY PARA PİYASASI FONU,FIL,TRYBEUR00017
FİBA PORTFÖY SERBEST (DÖVİZ) FON,FFS,TRYFIBP00054
FİBA PORTFÖY SERBEST FON,FZP,TRYFIBP00112
FİBA PORTFÖY ÇOKLU VARLIK BİRİNCİ DEĞİŞKEN FON,FCV,TRYFIBP00047
FİBA PORTFÖY ÇOKLU VARLIK İKİNCİ DEĞİŞKEN FON,FID,TRYBEUR00025
FİBA PORTFÖY ÜÇÜNCÜ PARA PİYASASI FONU,FFD,TRYFIBP00104
FİBA PORTFÖY ŞEKERBANK KISA VADELİ BORÇLANMA ARAÇLARI FONU,SKT,TRYSKBK00021
FİBA PORTFÖY ŞEKERBANK PARA PİYASASI FONU,SLF,TRMSE2WWWWW3
GARANTI PORTFÖY 2023 SERBEST(DÖVİZ- ABD DOLARI) FON,GPP,TRYGAPO00268
GARANTI PORTFÖY 2023 SERBEST(DÖVİZ-AVRO) FON,GFF,TRYGAPO00250
GARANTİ PORTFÖY  BORÇLANMA ARAÇLARI FONU,GA1,TRMGA1WWWWW3
GARANTİ PORTFÖY 2021 SERBEST (DÖVİZ-ABD DOLARI) FON,GGV,TRYGAPO00318
GARANTİ PORTFÖY 2022 SERBEST (DÖVİZ-ABD DOLARI) FON,HAG,TRYGAPO00326
GARANTİ PORTFÖY 2024 SERBEST (DÖVİZ-ABD DOLARI) FON,HFF,TRYGAPO00334
GARANTİ PORTFÖY 2025 SERBEST(DÖVİZ ABD DOLARI) FON,HNN,TRYGAPO00342
GARANTİ PORTFÖY ALTIN FONU,GTA,TRYGRAN00027
GARANTİ PORTFÖY ALTINCI SERBEST (DÖVİZ) ÖZEL FON,GGP,TRYGAPO00201
GARANTİ PORTFÖY ARK SERBEST (DÖVİZ) ÖZEL FON,GGB,TRYGAPO00177
GARANTİ PORTFÖY AYDOĞAN SERBEST(DÖVİZ) ÖZEL FON,GGN,TRYGAPO00284
GARANTİ PORTFÖY BEŞİNCİ SERBEST FON,GBN,TRYGAPO00151
GARANTİ PORTFÖY BİRİNCİ DEĞİŞKEN FON,GPB,TRYGAPO00029
GARANTİ PORTFÖY BİRİNCİ KATILIM FONU,GPF,TRYGAPO00011
GARANTİ PORTFÖY BİRİNCİ PARA PİYASASI FONU,GTL,TRYGRAN00530
GARANTİ PORTFÖY BİRİNCİ SERBEST ÖZEL FON,GPL,TRYGAPO00060
GARANTİ PORTFÖY BİST30 ENDEKSİ HİSSE SENEDİ FONU (HİSSE SENEDİ YOĞUN FON),GAE,TRMGAEWWWWW7
GARANTİ PORTFÖY DOKUZUNCU SERBEST (DÖVİZ) ÖZEL FON,GDP,TRYGAPO00219
GARANTİ PORTFÖY DÖRDÜNCÜ DEĞİŞKEN FON,TGA,TRYGRAN00076
GARANTİ PORTFÖY DÖRDÜNCÜ SERBEST (DÖVİZ) FON,GDS,TRYGAPO00144
GARANTİ PORTFÖY EUROBOND BORÇLANMA ARAÇLARI (DÖVİZ) FONU,GPA,TRYGAPO00052
GARANTİ PORTFÖY GM SERBEST (DÖVİZ) ÖZEL FON,GMP,TRYGAPO00169
GARANTİ PORTFÖY GMS SERBEST ÖZEL FON,GGM,TRYGAPO00276
GARANTİ PORTFÖY HİSSE SENEDİ FONU (HİSSE SENEDİ YOĞUN FON),GHS,TRMOSKWWWWW0
GARANTİ PORTFÖY ING BANK ÖZEL BANKACILIK VE PLATİNUM DEĞİŞKEN ÖZEL FON,INH,TRYGAPO00102
GARANTİ PORTFÖY INN SERBEST (DÖVİZ) ÖZEL FON,GSS,TRYGAPO00235
GARANTİ PORTFÖY KISA VADELİ BORÇLANMA ARAÇLARI FONU,TGT,TRYGRAN00480
GARANTİ PORTFÖY KTT SERBEST (DÖVİZ) ÖZEL FON,GKK,TRYGAPO00243
GARANTİ PORTFÖY MUTLAK GETİRİ HEDEFLİ DEĞİŞKEN FON,GAH,TRYGAPO00128
GARANTİ PORTFÖY OL SERBEST (DÖVİZ) ÖZEL FON,GFY,TRYGAPO00367
GARANTİ PORTFÖY ONBİRİNCİ SERBEST FON,GGZ,TRYGAPO00292
GARANTİ PORTFÖY ONUNCU SERBEST ÖZEL FON,GDL,TRYGAPO00227
GARANTİ PORTFÖY ONÜCÜNCÜ SERBEST (DÖVİZ) ÖZEL FON,GZD,TRYGAPO00383
GARANTİ PORTFÖY ONİKİNCİ SERBEST(DÖVİZ) FON,GGR,TRYGAPO00300
GARANTİ PORTFÖY SEKİZİNCİ SERBEST (DÖVİZ) ÖZEL FON,GGD,TRYGAPO00185
GARANTİ PORTFÖY YABANCI BYF FON SEPETİ FONU,GUH,TRYGRAN00571
GARANTİ PORTFÖY YEDİNCİ SERBEST (DÖVİZ) ÖZEL FON,GGA,TRYGAPO00193
GARANTİ PORTFÖY YF HİSSE SENEDİ SERBEST ÖZEL FON (HİSSE SENEDİ YOĞUN FON),GKL,TRYGAPO00375
GARANTİ PORTFÖY ÖPY SERBEST (DÖVİZ) ÖZEL FON,OPP,TRYGAPO00359
GARANTİ PORTFÖY ÖPY SERBEST ÖZEL FON,GSO,TRYGAPO00078
GARANTİ PORTFÖY ÜÇÜNCÜ DEĞİŞKEN FON,GPU,TRYGAPO00045
GARANTİ PORTFÖY ÜÇÜNCÜ SERBEST(DÖVİZ) FON,GAS,TRYGRAN00100
GARANTİ PORTFÖY İKİNCİ DEĞİŞKEN FON,GPI,TRYGAPO00037
GARANTİ PORTFÖY İKİNCİ PARA PİYASASI FONU,GAL,TRMGA4WWWWW7
GARANTİ PORTFÖY İKİNCİ SERBEST ( DÖVİZ ) FON,GPC,TRYGAPO00136
GEDİK PORTFÖY  ALTIN FON,GGK,TRYGEPO00104
GEDİK PORTFÖY ALFON SERBEST FON,GAN,TRYGEPO00054
GEDİK PORTFÖY BORÇLANMA ARAÇLARI FONU,GYK,TRYGDKM00028
GEDİK PORTFÖY BİRİNCİ DEĞİŞKEN FON,GPG,TRYGEPO00039
GEDİK PORTFÖY BİRİNCİ HİSSE SENEDİ FONU (HİSSE SENEDİ YOĞUN FON),GAF,TRMGAFWWWWW4
GEDİK PORTFÖY BİRİNCİ SERBEST (DÖVIZ)  FON,GAG,TRYGEPO00013
GEDİK PORTFÖY EGE SERBEST ÖZEL FON,GME,TRYGEPO00021
GEDİK PORTFÖY EVEREST SERBEST FON,GEI,TRYGEPO00088
GEDİK PORTFÖY G-20 ÜLKELERİ YABANCI HİSSE SENEDİ FONU,GBG,TRYGDKM00036
GEDİK PORTFÖY KARMA FON,GAK,TRMGD1WWWWW0
GEDİK PORTFÖY KISA VADELİ BORÇLANMA ARAÇLARI FONU,GYL,TRMGD2WWWWW8
GEDİK PORTFÖY MZ SERBEST ÖZEL FON,GMZ,TRYGEPO00096
GEDİK PORTFÖY SİLVER CAPİTAL SERBEST ÖZEL FON,GSM,TRYGEPO00070
GEDİK PORTFÖY İKİNCİ HİSSE SENEDİ FONU (HİSSE SENEDİ YOĞUN FON),GMR,TRYGDKM00010
GEDİK PORTFÖY İKİNCİ SERBEST FON,GKS,TRYGEPO00062
GLOBAL MD PORTFÖY BİRİNCİ DEĞİŞKEN FON,ECA,TRMECKWWWWW5
GLOBAL MD PORTFÖY BİRİNCİ HİSSE SENEDİ FONU(HİSSE SENEDİ YOĞUN FON),EC2,TRMEC2WWWWW1
GLOBAL MD PORTFÖY KATILIM FONU,GKF,TRYGMDP00043
GLOBAL MD PORTFÖY KISA VADELİ BORÇLANMA ARAÇLARI FONU,ECV,TRYECZM00015
GLOBAL MD PORTFÖY ORTA VADELİ BORÇLANMA ARAÇLARI FONU,ECT,TRYECZM00031
GLOBAL MD PORTFÖY PARA PİYASASI FONU,ECB,TRMEC1WWWWW3
GLOBAL MD PORTFÖY İKİNCİ DEĞİŞKEN FON,EBD,TRYECZM00023
HEDEF PORTFÖY AKDENİZ SERBEST FON,HYK,TRYHDFP00086
HEDEF PORTFÖY BİRİNCİ HİSSE SENEDİ FONU (HİSSE SENEDİ YOĞUN FON),NNF,TRYHDFP00060
HEDEF PORTFÖY DOĞU HİSSE SENEDİ SERBEST FON(HİSSE SENEDİ YOĞUN FON),HDH,TRYHDFP00037
HEDEF PORTFÖY EGE HİSSE SENEDİ SERBEST FON(HİSSE SENEDİ YOĞUN FON),HMK,TRYHDFP00045
HEDEF PORTFÖY KISA VADELİ BORÇLANMA ARAÇLARI FONU,HMR,TRYHDFP00052
HEDEF PORTFÖY KUZEY HİSSE SENEDİ SERBEST FON (HİS.SEN.YOĞ.FON),HPF,TRYHDFP00029
HEDEF PORTFÖY PARA PIYASASI FONU,HYV,TRYHDFP00078
HEDEF PORTFÖY SERBEST FON,HDS,TRYHDFP00011
HSBC PORTFÖY ALTIN FONU,HBF,TRMDAFWWWWW1
HSBC PORTFÖY BİRİNCİ SERBEST (DÖVİZ) FON,HDB,TRYHSPO00011
HSBC PORTFÖY BİST 30 ENDEKSİ HİSSE SENEDİ FONU (HİSSE SENEDİ YOĞUN FON),HBU,TRMDUFWWWWW9
HSBC PORTFÖY DEĞİŞKEN FON,HSA,TRMDM1WWWWW2
HSBC PORTFÖY HİSSE SENEDİ FONU (HİSSE SENEDİ YOĞUN FON),HVS,TRYHSBC00016
HSBC PORTFÖY KISA VADELİ BORÇLANMA ARAÇLARI FONU,HPT,TRYHSBC00362
HSBC PORTFÖY ORTA VADELİ BORÇLANMA ARAÇLARI FONU,HST,TRMDBTWWWWW0
HSBC PORTFÖY PARA PİYASASI FONU,HSL,TRMDM2WWWWW0
HSBC PORTFÖY UZUN VADELİ BORÇLANMA ARAÇLARI FONU,HTT,TRMDBLWWWWW7
HSBC PORTFÖY YABANCI BYF FON SEPETI,HOY,TRYHSBC00479
HSBC PORTFÖY ÇOKLU VARLIK BİRİNCİ DEĞİŞKEN FON,HPO,TRYHSBC00198
HSBC PORTFÖY ÇOKLU VARLIK ÜÇÜNCÜ DEĞİŞKEN FON,HOA,TRYHSBC00461
HSBC PORTFÖY ÇOKLU VARLIK İKİNCİ DEĞİŞKEN FON,HPD,TRYHSBC00180
HSBC PORTFÖY ÖZEL SEKTÖR BORÇLANMA ARAÇLARI FONU,HOB,TRYHSBC00453
HSBC PYŞ BİRİNCİ SERBEST (DÖVİZ) ÖZEL FON,HII,TRYHSPO00029
ICBC TURKEY PORTFOY PARA PİYASASI FONU,ICE,TRMTL1WWWWW5
ICBC TURKEY PORTFÖY ALTIN FONU,ICA,TRYTKSB00014
ICBC TURKEY PORTFÖY BİRİNCİ DEĞİŞKEN FON,ICD,TRMTL2WWWWW3
ICBC TURKEY PORTFÖY HİSSE SENEDİ FONU(HİSSE SENEDİ YOĞUN FON),ICF,TRMTL3WWWWW1
ICBC TURKEY PORTFÖY SERBEST (DÖVİZ) FON,ICS,TRYICBC00018
ICBC TURKEY PORTFÖY İKİNCİ DEĞİŞKEN FON,ICC,TRMTMDWWWWW7
INVESTRADE PORTFÖY BİRİNCİ KATILIM SERBEST FON,IIB,TRYINVP00015
INVESTRADE PORTFÖY KİRA SERTİFİKALARI (SUKUK) KATILIM FONU,ITK,TRYINVP00031
KARE PORTFÖY BİRİNCİ BORÇLANMA ARAÇLARI FONU,KRC,TRYKARE00036
KARE PORTFÖY BİRİNCİ DEĞİŞKEN FON,KRF,TRYKARP00016
KARE PORTFÖY DEĞİŞKEN  (DÖVİZ) FONU,KUB,TRYKARE00044
KARE PORTFÖY HİSSE SENEDİ FONU(HİSSE SENEDİ YOĞUN FON),KYA,TRYKARE00010
KARE PORTFÖY SERBEST (DÖVİZ) FON,KRS,TRYKARE00051
KARE PORTFÖY TÜRKİYE ODAKLI SERBEST (DÖVİZ ) FON,KRT,TRYKARP00024
KARE PORTFÖY ÖPY BİRİNCİ SERBEST ÖZEL FON,KPB,TRYKARP00032
KATILIM EMEKLİLİK VE HAYAT A.Ş. EMLAK KATILIM BANKASI KATILIM DEĞİŞKEN  EMEKLİLİK YATIRIM FONU,KED,TRYKATE00149
KT PORTFÖY BİRİNCİ KATILIM FONU,KTM,TRYKTPY00012
KT PORTFÖY BİRİNCİ KATILIM SERBEST FON,KTR,TRYKTPY00038
KT PORTFÖY CEYLAN KİRA SERTİFİKALARI KATILIM SERBEST(DÖVİZ) ÖZEL FON,KTE,TRYKTPY00129
KT PORTFÖY KATILIM HİSSE SENEDİ FONU (HİSSE SENEDİ YOĞUN FON),KPC,TRYKTPY00186
KT PORTFÖY KISA VADELİ KATILIM SERBEST FON,KSV,TRYKTPY00160
KT PORTFÖY KISA VADELİ KİRA SERTİFİKALARI KATILIM FONU,KTV,TRYKTPY00061
KT PORTFÖY KIZILAY'A DESTEK ALTIN KATILIM FONU,KZL,TRYKTPY00152
KT PORTFÖY KÜRESEL KİRA SERTİFİKALARI (DÖVİZ) SERBEST FON,KTT,TRYKTPY00053
KT PORTFÖY KİRA SERTİFİKALARI KATILIM FONU,KTN,TRYKTPY00020
KT PORTFÖY NEOVA KATILIM SERBEST ÖZEL FON,KTU,TRYKTPY00079
KT PORTFÖY SEPET HESAP KISA VADELİ KİRA SERTİFİKALARI KATILIM FONU,ZAY,TRYKTPY00178
KT PORTFÖY İKİNCİ KATILIM SERBEST FON,KTS,TRYKTPY00046
LOGOS PORTFÖY DİNAMİK DAĞIMLI SERBEST FON,IDD,TRYISMD00167
MAQASİD PORTFÖY İKİNCİ  KATILIM SERBEST FON,MSH,TRYMQPY00022
MAQASİD PYŞ ALTIN KATILIM FONU,MMA,TRYMQPY00055
MAQASİD PYŞ BİRİNCİ KATILIM SERBEST(DÖVİZ)FON,MSB,TRYMQPY00014
MAQASİD PYŞ KISA VADELİ KATILIM SERBEST FON,MVK,TRYMQPY00030
MARMARA CAPITAL PORTFÖY HİSSE SENEDİ FONU (HİSSE SENEDİ YOĞUN FON),MAC,TRYSRMD00010
MEKSA PORTFÖY BİRİNCİ DEĞİŞKEN FON,MAD,TRMMADWWWWW7
MEKSA PORTFÖY PRİME SERBEST FON,MPP,TRYMKSP00019
MEKSA PORTFÖY İKİNCİ DEĞİŞKEN FON,MBL,TRMMAKWWWWW2
MÜKAFAT PORTFÖY AKTİF ONİKS SERBEST FON,ONN,TRYMKFT00141
MÜKAFAT PORTFÖY AKTİF SERBEST (DÖVİZ) FON,MKH,TRYMKFT00158
MÜKAFAT PORTFÖY ALTIN KATILIM FONU,MKG,TRYMKFT00166
MÜKAFAT PORTFÖY BIST 30 ENDEKSİ HİSSE SENEDİ FONU (HİSSE SENEDİ YOĞUN FON),MMH,TRYMKFT00174
MÜKAFAT PORTFÖY ESG SÜRDÜRÜLEBİLİRLİK SERBEST FON,ESG,TRYMKFT00182
MÜKAFAT PORTFÖY KATILIM AKTIF SERBEST (DÖVIZ) FON,MPD,TRYMKFT00117
MÜKAFAT PORTFÖY KATILIM HİSSE SENEDİ FONU ( HİSSE SENEDİ YOĞUN FON ),MPS,TRYMKFT00018
MÜKAFAT PORTFÖY KISA VADELİ KİRA SERTİFİKASI KATILIM FONU,MPF,TRYMKFT00034
MÜKAFAT PORTFÖY KİRA SERTİFİKASI KATILIM FONU,MPK,TRYMKFT00026
MÜKAFAT PORTFÖY İKİNCİ AKTİF SERBEST (DÖVİZ) FON,MPN,TRYMKFT00133
NUROL MENKUL KIYMETLER A.Ş. (A) TİPİ DEĞİŞKEN FONU,NU1,TRMNU1WWWWW0
NUROL MENKUL KIYMETLER A.Ş. (B) TİPİ DEĞİŞKEN FONU,NBD,TRMNBDWWWWW3
OSMANLI PORTFÖY ANKA SERBEST FON,OPD,TRYOSMP00078
OSMANLI PORTFÖY AVRASYA SERBEST (DÖVİZ) FON,OSC,TRYOSMP00011
OSMANLI PORTFÖY BİRİNCİ DEĞİŞKEN FON,OPB,TRYOSMP00060
OSMANLI PORTFÖY BİRİNCİ HİSSE SENEDİ FONU(HİSSE SENEDİ YOĞUN FON),OPH,TRYOSMP00094
OSMANLI PORTFÖY KAPTAN SERBEST (DÖVİZ) FON,OOK,TRYOSMP00102
OSMANLI PORTFÖY KISA VADELİ BORÇLANMA ARAÇLARI FONU,OSL,TRYONCM00010
OSMANLI PORTFÖY MİNERVA SERBEST FON,OSH,TRYOSMK00038
OSMANLI PORTFÖY ÖZEL SEKTÖR BORÇLANMA ARAÇLARI FONU,OSD,TRYOSMP00029
OSMANLI PORTFÖY İKİNCİ HİSSE SENEDİ FONU(HİSSE SENEDİ YOĞUN FON),OPI,TRYOSMP00086
OYAK PORTFÖY ALTIN KATILIM FONU,OGD,TRYOYKP00138
OYAK PORTFÖY BİRİNCİ BORÇLANMA ARAÇLARI FONU,OKT,TRYOYMD00064
OYAK PORTFÖY BİRİNCİ DEĞİŞKEN FON,OKD,TRYOYMD00072
OYAK PORTFÖY BİRİNCİ HİSSE SENEDİ FONU (HİSSE SENEDİ YOĞUN FON),OHB,TRYOYKP00039
OYAK PORTFÖY BİRİNCİ KATILIM SERBEST FON,OTK,TRYOYKP00013
OYAK PORTFÖY BİRİNCİ KISA VADELİ BORÇLANMA ARAÇLARI FONU,OKP,TRYOYKP00088
OYAK PORTFÖY BİRİNCİ PARA PİYASASI FONU,OYL,TRYOYMD00015
OYAK PORTFÖY BİRİNCİ SERBEST FON,OYT,TRYOYMD00023
OYAK PORTFÖY DÖRDÜNCÜ SERBEST FON,ODD,TRYOYKP00104
OYAK PORTFÖY KISA VADELİ KİRA SERTİFİKASI KATILIM FONU,OTF,TRYOYKP00021
OYAK PORTFÖY OYAK ÜYELERI İLE ÇALIŞANLARıNA YÖNELİK BORÇLANMA ARAÇLARI ÖZEL FONU,OGF,TRYOYKP00054
OYAK PORTFÖY ÜÇÜNCÜ SERBEST FON,OYS,TRYOYKP00062
OYAK PORTFÖY İKİNCİ DEĞİŞKEN FON,OBP,TRYOYMD00049
OYAK PORTFÖY İKİNCİ SERBEST(DÖVİZ) FON,ODS,TRYOYKP00047
PERFORM PORTFÖY BIRINCI SERBEST FON,IPP,TRYISMD00308
PERFORM PORTFÖY SERBEST ( DÖVİZ ) FON,PPD,TRYPEPO00014
PERFORM PORTFÖY İKİNCİ SERBEST FON,IPF,TRYISMD00316
QINVEST PORTFOY ELZ SERBEST (DÖVİZ) ÖZEL FON,ELZ,TRYQPYS00011
QNB FINANS PORTFÖY BIRINCI DEĞIŞKEN FON,FNO,TRYFNBK00063
QNB FINANS PORTFÖY BIRINCI HISSE SENEDI FONU (HISSE SENEDI YOĞUN FON),FYD,TRMFYDWWWWW1
QNB FINANS PORTFÖY BORÇLANMA ARAÇLARI FONU,FI3,TRMFI3WWWWW2
QNB FINANS PORTFÖY EUROBOND BORÇLANMA ARAÇLARI FONU,FUB,TRYFNBK00022
QNB FINANS PORTFÖY KISA VADELI BORÇLANMA ARAÇLARI FONU,FYT,TRYFNYM00012
QNB FINANS PORTFÖY PARA PIYASASI FONU,FI5,TRMFI5WWWWW7
QNB FINANS PORTFÖY ÖZEL SEKTÖR BORÇLANMA ARAÇLARI FONU,FYO,TRMFYKWWWWW6
QNB FİNANS PORTFÖY BAYSAN SERBEST (DÖVİZ) ÖZEL FON,FUP,TRYFIPO00073
QNB FİNANS PORTFÖY BİRİNCİ SERBEST (DÖVİZ) FON,FPZ,TRYFIPO00065
QNB FİNANS PORTFÖY KISA VADELİ SERBEST FON,FSK,TRYFIPO00123
QNB FİNANS PORTFÖY OPAL SERBEST (DÖVİZ) ÖZEL FON,OOP,TRYFIPO00131
QNB FİNANS PORTFÖY SER SERBEST (DÖVİZ) ÖZEL FON,FFO,TRYFIPO00107
QNB FİNANS PORTFÖY SULTAN SERBEST(DÖVİZ) ÖZEL FON,FDO,TRYFIPO00115
QNB FİNANS PORTFÖY VİZYON SERBEST (DÖVİZ) ÖZEL FON,FVS,TRYFIPO00099
QNB FİNANS PORTFÖY ÜÇÜNCÜ SERBEST (DÖVİZ) FON,NPP,TRYFIPO00149
QNB FİNANS PORTFÖY ŞEDELE SERBEST (DÖVİZ) ÖZEL FON,FUR,TRYFIPO00081
QİNVEST PORTFÖY BİRİNCİ KATILIM SERBEST FON,KSD,TRYQPYS00037
QİNVEST PORTFÖY BİRİNCİ KATILIM SERBEST(DÖVİZ) FON,PBK,TRYQPYS00078
QİNVEST PORTFÖY BİRİNCİ SERBEST (DÖVİZ) FON,PDF,TRYQPYS00052
QİNVEST PORTFÖY DEĞİŞKEN FON,EIB,TRYISVH00029
QİNVEST PORTFÖY HİSSE SENEDİ FONU (HİSSE YOĞUN FON),EID,TRYISVH00011
QİNVEST PORTFÖY KISA VADELİ KİRA SERTİFİKASI KATILIM FONU,PDD,TRYQPYS00060
QİNVEST PORTFÖY KİRA SERTİFİKASI KATILIM (DÖVİZ) FONU,KIS,TRYERPO00010
QİNVEST PORTFÖY KİRA SERTİFİKASI KATILIM FONU,EKF,TRYERPO00028
QİNVEST PORTFÖY MUTLAK GETİRİ HEDEFLİ HİSSE SENEDİ SERBEST FON(HİSSE SENEDİ YOĞUN FON),IAS,TRYISMD00068
QİNVEST PORTFÖY PARA PİYASASI FONU,EIL,TRMAITWWWWW1
QİNVEST PORTFÖY İKİNCİ DEĞİŞKEN FONU,EIC,TRYERPO00036
QİNVEST PORTFÖY İKİNCİ SERBEST FON,KOP,TRYQPYS00029
RAYMOND JAMES MENKUL KIYMETLER  A TİPİ DEĞİŞKEN FON,RJA,TRYRJYM00015
RAYMOND JAMES MENKUL KIYMETLER A.Ş. (B)TİPİ LİKİT FON,RJL,TRMPRBWWWWW8
RAYMOND JAMES YATIRIM MENKUL KIYMETLER A.Ş. A TİPİ KARMA FONU,RJK,TRYRJYM00031
RAYMOND JAMES YATIRIM MENKUL KIYMETLER A.Ş. B TİPİ DEĞİŞKEN FONU,RJB,TRYRJYM00023
STRATEJİ PORTFÖY BAŞAK SERBEST (DÖVİZ) ÖZEL FON,SBS,TRYSTRP00035
STRATEJİ PORTFÖY BİRİNCİ DEĞİŞKEN FON,AN1,TRMAN1WWWWW4
STRATEJİ PORTFÖY BİRİNCİ HİSSE SENEDİ FONU(HİSSE SENEDİ YOĞUN FON),ST1,TRMST1WWWWW8
STRATEJİ PORTFÖY BİRİNCİ SERBEST (DÖVİZ) FON,STS,TRYSTRP00019
STRATEJİ PORTFÖY FOREST SERBEST FON,FPR,TRYFKSP00021
STRATEJİ PORTFÖY HİSSE SENEDİ SERBEST FON (HİSSE SENEDİ YOĞUN FON),STZ,TRYSTRP00027
STRATEJİ PORTFÖY MUTLAK GETİRİ HEDEFLİ HİSSE SENEDİ SERBEST FON(HİSSE SENEDİ YOĞUN),FYF,TRYFNYM00061
TACİRLER PORTFÖY DEĞIŞKEN FON,TCD,TRMTCDWWWWW8
TACİRLER PORTFÖY HİSSE SENEDİ FONU (HİSSE SENEDİ YOĞUN FON),TKF,TRMTA1WWWWW8
TACİRLER PORTFÖY KARTOPU SERBEST FON,TTL,TRYTACP00050
TACİRLER PORTFÖY KISA VADELİ BORÇLANMA ARAÇLARI FONU,TCB,TRYTCMD00010
TACİRLER PORTFÖY SERBEST ( DÖVİZ ) FON,TCC,TRYTCMD00028
TACİRLER PORTFÖY SİRİUS SERBEST FON,TCS,TRYTACP00035
TACİRLER PORTFÖY VEGA SERBEST FON,TTV,TRYTACP00043
TACİRLER PORTFÖY ÖZEL SEKTÖR BORÇLANMA ARAÇLARI FONU,TPF,TRYTACP00019
TACİRLER PORTFÖY İSTATİSTİKSEL ARBİTRAJ SERBEST FON,TCI,TRYTACP00027
TEB PORTFÖY ALARKO GRUBU DEĞİŞKEN ÖZEL FON,TAO,TRMAOFWWWWW8
TEB PORTFÖY ALTIN FONU,TUA,TRYTEBK00030
TEB PORTFÖY BEŞİNCİ SERBEST FON,TRR,TRYTEBP00153
TEB PORTFÖY BORÇLANMA ARAÇLARI FONU,TBT,TRMTE1WWWWW4
TEB PORTFÖY BOĞAZİÇİ SERBEST (DÖVİZ) FON,TDB,TRYTEBK00246
TEB PORTFÖY BİRİNCİ FON SEPETİ FONU,TPC,TRYTEBP00062
TEB PORTFÖY BİRİNCİ SERBEST (DÖVİZ) FON,TPJ,TRYTEBP00070
TEB PORTFÖY DÖRDÜNCÜ SERBEST (DÖVİZ) FON,TTS,TRYTEBP00146
TEB PORTFÖY EUROBOND (DÖVİZ) BORÇLANMA ARAÇLARI FONU,TPL,TRYTEBP00054
TEB PORTFÖY HİSSE SENEDİ FONU (HİSSE SENEDİ YOĞUN FON),TYH,TRMTYHWWWWW3
TEB PORTFÖY ING BANK PARA PİYASASI FONU,IGL,TRMSU1WWWWW5
TEB PORTFÖY ING BANK ÖZEL BANKACILIK VE PLATİNUM DEĞİŞKEN ÖZEL FON,TNI,TRYTEBP00120
TEB PORTFÖY ING BANK ÖZEL BANKACILIK VE PLATİNUM SERBEST (DÖVİZ) ÖZEL FON,TIP,TRYTEBP00112
TEB PORTFÖY KISA VADELİ BORÇLANMA ARAÇLARI FONU,TNK,TRMTE2WWWWW2
TEB PORTFÖY KYF SERBEST (DÖVİZ) ÖZEL FON,TVD,TRYTEBP00088
TEB PORTFÖY KİRA SERTİFİKALARI (DÖVİZ) KATILIM FONU,TPZ,TRYTEBP00047
TEB PORTFÖY MAKRO SERBEST FON,TMR,TRYTEBP00161
TEB PORTFÖY MUTLAK GETİRİ HEDEFLİ DEĞİŞKEN FON,TE3,TRMTE3WWWWW0
TEB PORTFÖY PARA PİYASASI FONU,TKM,TRMDMFWWWWW6
TEB PORTFÖY PUSULA SERBEST FON,TPP,TRYTEBP00039
TEB PORTFÖY PY İKİNCİ DEĞİŞKEN ÖZEL FON,TKD,TRYTEBK00014
TEB PORTFÖY TEB GRUBU DEĞİŞKEN ÖZEL FON,TMO,TRYTEBM00036
TEB PORTFÖY TKT SERBEST (DÖVİZ) ÖZEL FON,TDT,TRYTEBP00104
TEB PORTFÖY YABANCI BYF FON SEPETİ FONU,TFF,TRYTEBP00021
TEB PORTFÖY ÖZEL SEKTÖR BORÇLANMA ARAÇLARI FONU,TOT,TRMDPFWWWWW9
TEB PORTFÖY ÜÇÜNCÜ SERBEST (DÖVİZ) FON,TTP,TRYTEBP00138
TEB PORTFÖY İKİNCİ DEĞİŞKEN FON,IDY,TRYOYKB00013
TEB PORTFÖY İKİNCİ SERBEST (DÖVİZ) FON,TDP,TRYTEBP00096
YAPI KREDİ PORTFÖY ALTIN FONU,YKT,TRYYKBK00110
YAPI KREDİ PORTFÖY BALAT SERBEST (DÖVİZ) FON,YPL,TRYYAPO00097
YAPI KREDİ PORTFÖY BEBEK SERBEST (DÖVİZ) FON,YYB,TRYYAPO00170
YAPI KREDİ PORTFÖY BIST 30 ENDEKSİ HİSSE SENEDİ FONU (HİSSE SENEDİ YOĞUN FON),YEF,TRMYEFWWWWW9
YAPI KREDİ PORTFÖY BİRİNCİ FON SEPETİ FONU,YAN,TRYYAPO00063
YAPI KREDİ PORTFÖY BİRİNCİ HİSSE SENEDİ FONU (HİSSE SENEDİ YOĞUN FON),YHS,TRMKC5WWWWW6
YAPI KREDİ PORTFÖY DRAGOS SERBEST  FON,YSF,TRYYAPO00055
YAPI KREDİ PORTFÖY EMİRGAN SERBEST (DÖVİZ) FON,YMM,TRYYAPO00154
YAPI KREDİ PORTFÖY EUROBOND (DOLAR) BORÇLANMA ARAÇLARI FONU,YBE,TRMKHYWWWWW2
YAPI KREDİ PORTFÖY GALATA SERBEST FON,YPK,TRYYAPO00022
YAPI KREDİ PORTFÖY KARMA FON,YAK,TRMYAKWWWWW7
YAPI KREDİ PORTFÖY KISA VADELİ BORÇLANMA ARAÇLARI FONU,YHT,TRYKCMD00019
YAPI KREDİ PORTFÖY KOÇ HOLDİNG İŞTİRAK VE HİSSE SENEDİ FONU(HİSSE SENEDİ YOĞUN FON),YAS,TRMKAKWWWWW6
YAPI KREDİ PORTFÖY KİRA SERTİFİKALARI KATILIM FONU,YFV,TRYYKBK00607
YAPI KREDİ PORTFÖY ODEABANK SERBEST (DÖVİZ)ÖZEL FON,YRO,TRYYAPO00113
YAPI KREDİ PORTFÖY ODEABANK İKİNCİ SERBEST ÖZEL FON,YOP,TRYYAPO00162
YAPI KREDİ PORTFÖY ODEABANK İKİNCİ SERBEST(DÖVİZ)ÖZEL FON,YRF,TRYYAPO00147
YAPI KREDİ PORTFÖY ORTA VADELİ BORÇLANMA ARAÇLARI FONU,YOT,TRMKC4WWWWW9
YAPI KREDİ PORTFÖY PARA PİYASASI FONU,YLB,TRMKLYWWWWW4
YAPI KREDİ PORTFÖY PY BORÇLANMA ARAÇLARI (DÖVİZ) ÖZEL FONU,YOA,TRYYAPO00048
YAPI KREDİ PORTFÖY PY BİRİNCİ DEĞİŞKEN ÖZEL FON,YBP,TRMKBLWWWWW2
YAPI KREDİ PORTFÖY PY ERENKÖY  SERBEST (DÖVIZ) ÖZEL FON,YZF,TRYYAPO00188
YAPI KREDİ PORTFÖY PY KUZGUNCUK SERBEST ÖZEL FON,YPP,TRYYAPO00089
YAPI KREDİ PORTFÖY PY ÜÇÜNCÜ DEĞİŞKEN ÖZEL FON,YDP,TRYYKYM00019
YAPI KREDİ PORTFÖY YABANCI FON SEPETİ FONU,YTD,TRYYKBK00011
YAPI KREDİ PORTFÖY YABANCI TEKNOLOJİ SEKTÖRÜ HİSSE SENEDİ FONU,YAY,TRMYK9WWWWW2
YAPI KREDİ PORTFÖY YEDİTEPE SERBEST FON,YPF,TRYYAPO00014
YAPI KREDİ PORTFÖY ÇALIŞAN HESAP KISA VADELİ BORÇLANMA ARAÇLARI FONU,YDK,TRYYKBK00474
YAPI KREDİ PORTFÖY ÖZEL SEKTÖR BORÇLANMA ARAÇLARI FONU,YBS,TRYYKBK00409
YAPI KREDİ PORTFÖY ÜÇÜNCÜ DEĞİŞKEN FON,YSU,TRYYKBK00524
YAPI KREDİ PORTFÖY ÜÇÜNCÜ FON SEPETİ FONU,YPV,TRYYAPO00196
YAPI KREDİ PORTFÖY İKİNCİ FON SEPETİ FONU,YAC,TRYYAPO00071
YAPI KREDİ PORTFÖY İKİNCİ HİSSE SENEDİ FONU (HİSSE SENEDİ YOĞUN FON),YDI,TRYYKBK00458
YAPI KREDİ PORTFÖY İSTANBUL SERBEST FON,YKS,TRYYKBK00060
ZİRAAT PORTFÖY ALTIN KATILIM FONU,TCA,TRYTCZB00057
ZİRAAT PORTFÖY BORÇLANMA ARAÇLARI FONU,TZT,TRYTCZB00040
ZİRAAT PORTFÖY BÜYÜYEN ÇOCUKLARA YÖNELİK DEĞİŞKEN ÖZEL FON,TZC,TRYTCZB00149
ZİRAAT PORTFÖY BİRİNCİ DEĞİŞKEN FON,ZDD,TRYZIPO00147
ZİRAAT PORTFÖY FON SEPETİ FONU,ZPC,TRYZIPO00071
ZİRAAT PORTFÖY HALKBANK KISA VADELİ BORÇLANMA ARAÇLARI FONU,HKV,TRMPM2WWWWW6
ZİRAAT PORTFÖY HALKBANK KISA VADELİ KİRA SERTİFİKALARI KATILIM FONU,HPV,TRYHALP00031
ZİRAAT PORTFÖY HALKBANK PARA PİYASASI FONU,HLL,TRYTHAL00017
ZİRAAT PORTFÖY HEDEF SERBEST ÖZEL FON,HPC,TRYHALP00049
ZİRAAT PORTFÖY HİSSE SENEDİ FONU (HİSSE SENEDİ YOĞUN FON),TZD,TRMTZDWWWWW9
ZİRAAT PORTFÖY KATILIM ENDEKSİ HİSSE SENEDİ FONU (HİSSE SENEDİ YOĞUN FON),ZPE,TRYZIPO00055
ZİRAAT PORTFÖY KATILIM FONU (DÖVİZ),ZPF,TRYZIPO00030
ZİRAAT PORTFÖY KISA VADELİ BORÇLANMA ARAÇLARI FONU,TZV,TRMTZ3WWWWW5
ZİRAAT PORTFÖY KISA VADELİ KİRA SERTİFİKALARI KATILIM FONU,ZPK,TRYZIPO00089
ZİRAAT PORTFÖY KİRA SERTİFİKALARI (SUKUK) KATILIM FONU,ZPG,TRYZIPO00048
ZİRAAT PORTFÖY PARA PİYASASI FONU,TZL,TRYTCZB00156
ZİRAAT PORTFÖY S&P/OIC COMCEC (İSEDAK) 50 SHARİAH ENDEKSİ YABANCI HİSSE SENEDİ FONU,ZSF,TRYZIPO00097
ZİRAAT PORTFÖY SERBEST (DÖVİZ) FON,ZPA,TRYZIPO00022
ZİRAAT PORTFÖY TZH SERBEST ÖZEL FON,TZH,TRYZIPO00139
ZİRAAT PORTFÖY VAKIFBANK KISA VADELİ BORÇLANMA ARAÇLARI FONU,VKT,TRYVKFB00082
ZİRAAT PORTFÖY VAKIFBANK PARA PİYASASI FONU,VK6,TRMVK6WWWWW1
ZİRAAT PORTFÖY ÜÇÜNCÜ DEĞİŞKEN FON,ZDZ,TRYZIPO00154
ZİRAAT PORTFÖY İKİNCİ DEĞİŞKEN FON,ZBD,TRMKN3WWWWW8
ZİRAAT PORTFÖY İKİNCİ KISA VADELİ KİRA SERTİFİKALARI KATILIM FONU,VFK,TRYZIPO00170
ÜNLÜ MENKUL DEĞERLER A.Ş. ANGORA VARLIK FİNANSMAN FONU,UMV,TRYDUUM00044
ÜNLÜ PORTFÖY ALTINCI SERBEST (DÖVİZ) ÖZEL FON,UAP,TRYUNPO00155
ÜNLÜ PORTFÖY BEŞİNCİ SERBEST (DÖVİZ) ÖZEL FON,UPS,TRYUNPO00130
ÜNLÜ PORTFÖY BİRİNCİ DEĞİŞKEN FON,SUA,TRYDUUM00010
ÜNLÜ PORTFÖY DÖRDÜNCÜ SERBEST FON,UPD,TRYUNPO00049
ÜNLÜ PORTFÖY HİSSE SENEDİ FONU(HİSSE SENEDİ YOĞUN FON),UPH,TRYUNPO00114
ÜNLÜ PORTFÖY MUTLAK GETİRİ HEDEFLİ SERBEST FON,USY,TRYDUUM00036
ÜNLÜ PORTFÖY PARA PİYASASI FONU,UPP,TRYUNPO00148
ÜNLÜ PORTFÖY YEDİNCİ SERBEST ÖZEL FON,GGL,TRYUNPO00163
ÜNLÜ PORTFÖY ÜÇÜNCÜ DEĞIŞKEN FON,SUC,TRYUNPO00023
ÜNLÜ PORTFÖY İKİNCİ DEĞİŞKEN FON,SUB,TRYDUUM00028
İSTANBUL PORTFÖY ALTINCI SERBEST FON,IZS,TRYISTP00125
İSTANBUL PORTFÖY ARK I SERBEST FON,IAF,TRYISMD00183
İSTANBUL PORTFÖY ARK II SERBEST FON,FYA,TRYFNYM00079
İSTANBUL PORTFÖY ARİES SERBEST FON,IIP,TRYISMD00217
İSTANBUL PORTFÖY BEŞİNCİ SERBEST FON,IBE,TRYISTP00091
İSTANBUL PORTFÖY BİRİNCİ DEĞİŞKEN FON,IPB,TRYISMD00159
İSTANBUL PORTFÖY DÖRDÜNCÜ SERBEST FON,IAR,TRYISTP00067
İSTANBUL PORTFÖY HİSSE SENEDİ FONU(HİSSE SENEDİ YOĞUN FON),ACK,TRYACMD00010
İSTANBUL PORTFÖY KISA VADELİ BORÇLANMA ARAÇLARI FONU,IST,TRYISMD00076
İSTANBUL PORTFÖY YABANCI (GELİŞMEKTE OLAN PİYASALAR) BORÇLANMA ARAÇLARI FONU,ARE,TRYGRAN00498
İSTANBUL PORTFÖY ÖPY BİRİNCİ SERBEST ÖZEL FON,IFY,TRYISTP00133
İSTANBUL PORTFÖY ÜÇÜNCÜ HİSSE SENEDİ FONU (HİSSE SENEDİ YOĞUN FON),IIH,TRYISTP00109
İSTANBUL PORTFÖY İKİNCİ DEĞİŞKEN FON,ACD,TRMACDWWWWW8
İSTANBUL PORTFÖY İKİNCİ SERBEST FON,IIS,TRYISTP00042
İSTANBUL POTFÖY MAESTRO SERBEST FON,IMF,TRYISTP00117
İŞ PORTFÖY %105 ANAPARA KORUMA AMAÇLI DÖRDÜNCÜ FON,IZP,TRYISPO00431
İŞ PORTFÖY AAF SERBEST (DÖVİZ) ÖZEL FON,CTP,TRYISPO00548
İŞ PORTFÖY AG SERBEST (DÖVİZ) ÖZEL FON,IPZ,TRYISPO00084
İŞ PORTFÖY ALTIN FONU,TTA,TRYTISB00422
İŞ PORTFÖY ANADOLU HAYAT EMEKLİLİK SERBEST ÖZEL FON,IMH,TRYISPO00332
İŞ PORTFÖY ANADOLU SİGORTA SERBEST ÖZEL FON,IPE,TRYISPO00068
İŞ PORTFÖY ARCADİA SERBEST (DÖVİZ) ÖZEL FON,ICG,TRYISPO00365
İŞ PORTFÖY AS SERBEST ÖZEL FON,IPU,TRYISPO00019
İŞ PORTFÖY ASSG SERBEST ÖZEL FON,CTF,TRYISPO00498
İŞ PORTFÖY ASİST SERBEST ÖZEL FON,IMM,TRYISPO00480
İŞ PORTFÖY AYAYDIN SERBEST (DÖVİZ) ÖZEL FON,IFF,TRYISPO00415
İŞ PORTFÖY BAYRAKTARLAR HOLDİNG DEĞİŞKEN ÖZEL FON,IBD,TRYISMD00118
İŞ PORTFÖY BIST 30 ENDEKSİ HİSSE SENEDİ FONU (HİSSE SENEDİ YOĞUN FON),TIE,TRMTIEWWWWW3
İŞ PORTFÖY BİRİKİM HESABI KISA VADELİ BORÇLANMA ARAÇLARI FONU,IPI,TRYISPO00118
İŞ PORTFÖY BİRİNCİ DEĞIŞKEN FON,TI4,TRMTI4WWWWW4
İŞ PORTFÖY BİRİNCİ SERBEST ÖZEL FON,ISR,TRYISPO00167
İŞ PORTFÖY BİST BANKA ENDEKSİ HİSSE SENEDİ FONU (HİSSE SENEDİ YOĞUN FON),TAU,TRMTAUWWWWW6
İŞ PORTFÖY BİST TEKNOLOJİ AĞIRLIKLI SINIRLAMALI ENDEKSİ HİSSE SENEDİ FONU (HİSSE SENEDİ YOĞUN FON),TTE,TRMTTEWWWWW0
İŞ PORTFÖY CENOVA SERBEST ÖZEL FON,IBC,TRYISPO00175
İŞ PORTFÖY CEY SERBEST (DÖVİZ) ÖZEL FON,CEY,TRYISPO00282
İŞ PORTFÖY CK SERBEST ÖZEL FON,IPC,TRYISPO00027
İŞ PORTFÖY DEĞER SERBEST ÖZEL FON,ISS,TRYISMD00209
İŞ PORTFÖY DURUSU SERBEST ÖZEL FON,KPK,TRYISPO00589
İŞ PORTFÖY ELEKTRİKLİ ARAÇLAR KARMA FON,IPJ,TRYISPO00191
İŞ PORTFÖY EMSA SERBEST ÖZEL FON,EMS,TRYISPO00555
İŞ PORTFÖY EMTIA YABANCI BYF FON SEPETI FONU,TGE,TRYTISB00042
İŞ PORTFÖY ESEN SERBEST ÖZEL FON,NBF,TRYISPO00563
İŞ PORTFÖY ETİK SERBEST (DÖVİZ) ÖZEL FON,IDE,TRYISPO00340
İŞ PORTFÖY EUROBOND BORÇLANMA ARAÇLARI (DÖVİZ) FONU,IPV,TRYISPO00100
İŞ PORTFÖY FEFON SERBEST  ÖZEL FON,CTG,TRYISPO00514
İŞ PORTFÖY GÜMÜŞ SERBEST FON,IOG,TRYISPO00597
İŞ PORTFÖY HEDEF SERBEST FON,IYR,TRYISMD00191
İŞ PORTFÖY HİSSE SENEDİ FONU (HİSSE SENEDİ YOĞUN FON),TI2,TRMTI2WWWWW8
İŞ PORTFÖY ICARUS SERBEST ÖZEL FON,IPR,TRYISPO00043
İŞ PORTFÖY KAPİTAL SERBEST FON,IPG,TRYISPO00076
İŞ PORTFÖY KEFON SERBEST ÖZEL FON,CTM,TRYISPO00522
İŞ PORTFÖY KISA VADELI BORÇLANMA ARAÇLARI FONU,TIV,TRMTI5WWWWW1
İŞ PORTFÖY KOS SERBEST ÖZEL FON,IPK,TRYISPO00035
İŞ PORTFÖY KUMBARA HESABI KARMA ÖZEL FON,TKK,TRMTKKWWWWW6
İŞ PORTFÖY KİRA SERTİFİKALARI KATILIM FONU,IAT,TRYISMD00027
İŞ PORTFÖY MAKSİMUM HESAP KISA VADELI BORÇLANMA ARAÇLARI FONU,TSI,TRYTISB00026
İŞ PORTFÖY MAVİ SERBEST (DÖVİZ) ÖZEL FON,IMV,TRYISPO00308
İŞ PORTFÖY MAXIMUM KART KISA VADELİ BORÇLANMA ARAÇLARI FONU,IBK,TRYTISB00505
İŞ PORTFÖY MERMER SERBEST ÖZEL FON,IMS,TRYISPO00217
İŞ PORTFÖY MHA SERBEST ÖZEL FON,CTV,TRYISPO00530
İŞ PORTFÖY MUTLAK GETİRİ HEDEFLİ DEĞİŞKEN FON,KKH,TRYISPO00571
İŞ PORTFÖY ODAK SERBEST ÖZEL FON,IMO,TRYISPO00225
İŞ PORTFÖY ODEABANK PARA PİYASASI FONU,IOP,TRYISPO00472
İŞ PORTFÖY ONUR SERBEST ÖZEL FON,IPO,TRYISPO00050
İŞ PORTFÖY ORTA VADELİ BORÇLANMA ARAÇLARI FONU,TI6,TRMTI6WWWWW9
İŞ PORTFÖY PARA PİYASASI FONU,TI1,TRMTI1WWWWW0
İŞ PORTFÖY POYRAZ SERBEST (DÖVİZ) ÖZEL FON,IMZ,TRYISPO00290
İŞ PORTFÖY PRIVIA BANKACILIK DEĞİŞKEN ÖZEL FON,TBP,TRYTISB00067
İŞ PORTFÖY PY EUROBOND BORÇLANMA ARAÇLARI (DÖVİZ) ÖZEL FONU,TPE,TRYTISB00646
İŞ PORTFÖY PY HİSSE SENEDİ ÖZEL FONU (HİSSE SENEDİ YOĞUN FON),TPR,TRYTISB00661
İŞ PORTFÖY PY ÖZEL SEKTÖR BORÇLANMA ARAÇLARI ÖZEL FONU,TPO,TRYTISB00489
İŞ PORTFÖY RESAN DEĞİŞKEN ÖZEL FON,YAR,TRMYARWWWWW2
İŞ PORTFÖY ROTA 1 SERBEST (DÖVİZ) ÖZEL FON,DPR,TRYDNZP00090
İŞ PORTFÖY SERBEST (DÖVİZ) FON,IDF,TRYISPO00241
İŞ PORTFÖY SKYLARK SERBEST (DÖVİZ) ÖZEL FON,IMY,TRYISPO00233
İŞ PORTFÖY SÜTAŞ SERBEST ÖZEL FON,IYS,TRYISMD00019
İŞ PORTFÖY SÜTAŞ İKİNCİ DEĞİŞKEN ÖZEL FON,IPA,TRYISMD00043
İŞ PORTFÖY TEMA  DEĞİŞKEN FON,TMC,TRYTISB00075
İŞ PORTFÖY TOROS SERBEST (DÖVİZ) ÖZEL FON,IMT,TRYISPO00324
İŞ PORTFÖY VİRTUS SERBEST (DÖVİZ) ÖZEL FON,OSV,TRYOSMK00046
İŞ PORTFÖY YABANCI BORÇLANMA ARAÇLARI FONU,TDG,TRYTISB00034
İŞ PORTFÖY YABANCI HİSSE SENEDİ FONU,TMG,TRMTYFWWWWW7
İŞ PORTFÖY ÇAĞIL SERBEST (DÖVİZ) ÖZEL FON,IDC,TRYISPO00357
İŞ PORTFÖY ÖZEL SEKTÖR BORÇLANMA  ARAÇLARıNA YATIRIM YAPAN %107 ANAPARA KORUMA AMAÇLI ÜÇÜNCÜ FON,IAK,TRYISPO00381
İŞ PORTFÖY ÖZEL SEKTÖR BORÇLANMA ARAÇLARI FONU,TBV,TRMTMEWWWWW5
İŞ PORTFÖY ÖZEL SEKTÖR BORÇLANMA ARAÇLARINA YATIRIM YAPAN %107 ANAPARA KORUMA AMAÇLI İKİNCİ FON,IKF,TRYISPO00373
İŞ PORTFÖY ÖZEL SEKTÖR BORÇLANMA ARAÇLARINA YATIRIM YAPAN %117 ANAPARA KORUMA AMAÇLI BİRİNCİ FON,IOC,TRYISPO00316
İŞ PORTFÖY ÜÇÜNCÜ DEĞİŞKEN FON,IBB,TRYISPO00183
İŞ PORTFÖY ÜÇÜNCÜ SERBEST (DÖVİZ) FON,IUU,TRYISPO00449
İŞ PORTFÖY İKİNCİ DEĞİŞKEN FON,TI7,TRMTI7WWWWW7
İŞ PORTFÖY İKİNCİ SERBEST (DÖVİZ) FON,IID,TRYISPO00423
İŞ PORTFÖY İKİNCİ SERBEST (DÖVİZ) ÖZEL FON,ISJ,TRYISPO00159
İŞ PORTFÖY İŞ BANKASI İŞTİRAKLERİ ENDEKSİ HİSSE SENEDİ FONU (HİSSE SENEDİ YOĞUN FON),TI3,TRMTI3WWWWW6
